{"cameraMode":{"drawMode":0,"name":"Shaded","section":"Shading Mode"},"sceneLighting":true,"audioPlay":false,"sceneViewState":{"m_AlwaysRefresh":false,"showFog":true,"showSkybox":true,"showFlares":true,"showImageEffects":true,"showParticleSystems":true,"showVisualEffectGraphs":true,"m_FxEnabled":true},"in2DMode":false,"pivot":{"x":186.95045471191407,"y":385.84625244140627,"z":76.114990234375},"rotation":{"x":-0.0027239362243562938,"y":0.9497631192207336,"z":-0.31296151876449587,"w":-0.008262429386377335},"size":341.9775695800781,"orthographic":false}