{"cameraMode":{"drawMode":0,"name":"Shaded","section":"Shading Mode"},"sceneLighting":true,"audioPlay":false,"sceneViewState":{"m_AlwaysRefresh":false,"showFog":true,"showSkybox":true,"showFlares":true,"showImageEffects":true,"showParticleSystems":true,"showVisualEffectGraphs":true,"m_FxEnabled":true},"in2DMode":false,"pivot":{"x":27.23277473449707,"y":291.8848876953125,"z":-84.91891479492188},"rotation":{"x":-0.027079671621322633,"y":0.9617410898208618,"z":-0.25106361508369448,"w":-0.10483085364103317},"size":466.43072509765627,"orthographic":false}