{"cameraMode":{"drawMode":0,"name":"Shaded","section":"Shading Mode"},"sceneLighting":true,"audioPlay":false,"sceneViewState":{"showFog":true,"showMaterialUpdate":false,"showSkybox":true,"showFlares":true,"showImageEffects":true,"showParticleSystems":true},"in2DMode":false,"pivot":{"x":452.1965026855469,"y":392.2684020996094,"z":-316.85699462890627},"rotation":{"x":-0.1139557883143425,"y":-0.5154004693031311,"z":0.06937509030103684,"w":-0.8465117812156677},"size":403.55938720703127,"orthographic":false}