{"cameraMode":{"drawMode":0,"name":"Shaded","section":"Shading Mode"},"sceneLighting":true,"audioPlay":false,"sceneViewState":{"showFog":true,"showMaterialUpdate":false,"showSkybox":true,"showFlares":true,"showImageEffects":true,"showParticleSystems":true},"in2DMode":false,"pivot":{"x":607.7916870117188,"y":324.2787170410156,"z":-84.925048828125},"rotation":{"x":-0.17440374195575715,"y":-0.07466180622577667,"z":0.013260123319923878,"w":-0.9817588925361633},"size":522.7723388671875,"orthographic":false}